Episode Reward,Episode,Mean R
-120,0,-120.033433990466
-926,1,-523.098888296054
-138,2,-394.886071738859
-116,3,-325.076953678135
-72,4,-274.383309799547
-165,5,-256.16632548978
-344,6,-268.726765283505
-500,7,-297.691736194339
-368,8,-305.539009954383
-346,9,-309.538117996445
-368,10,-314.848412878169
-231,11,-307.833983607725
-465,12,-319.954194825669
-310,13,-319.266904809739
-349,14,-321.268532225753
-290,15,-319.331323482569
-263,16,-316.004729079724
-199,17,-309.525914911562
-307,18,-309.401908591361
-348,19,-311.342972827838
-350,20,-313.182412610668
-354,21,-315.058710689804
-238,22,-311.705622968943
-253,23,-309.271897816778
-345,24,-310.718953758615
-228,25,-307.523781251865
-254,26,-305.548403702074
-178,27,-301.00198941081
-172,28,-296.542381214335
-228,29,-294.244192175362
-209,30,-291.482753030603
-219,31,-289.217448356981
-252,32,-288.084410767717
-359,33,-290.160580616076
-208,34,-287.815027112423
-223,35,-286.018226671378
-106,36,-281.154439710762
-258,37,-280.546244438042
-271,38,-280.296206073942
-126,39,-276.449519435153
-165,40,-273.725832454003
-152,41,-270.824463111174
-270,42,-270.795372250344
-207,43,-269.347076782614
-180,44,-267.364289219174
-222,45,-266.38641169339
-171,46,-264.361308371137
-181,47,-262.630633542226
-139,48,-260.109336958309
-150,49,-257.90131487422
-296,50,-258.644525819274
-352,51,-260.434438419299
-234,52,-259.935275964804
-107,53,-257.108065349434
-107,54,-254.372639302319
-130,55,-252.159160208819
-266,56,-252.408722669847
-210,57,-251.671653370591
-160,58,-250.110293273805
-311,59,-251.122660348341
-176,60,-249.894570919463
-155,61,-248.364391608484
-104,62,-246.070942802963
-59,63,-243.151732370076
-134,64,-241.472241654737
-157,65,-240.199689156049
-194,66,-239.507730184758
-45,67,-236.648951779419
-70,68,-234.231828616743
-126,69,-232.689783898813
-110,70,-230.966652452769
-118,71,-229.400304000039
-29,72,-226.656475110443
-60,73,-224.399895973832
-79,74,-222.457685647585
-164,75,-221.68258543277
-62,76,-219.605094785238
-152,77,-218.742357061178
-93,78,-217.155927265344
-77,79,-215.403558559558
-76,80,-213.678888244825
-180,81,-213.264477589207
-106,82,-211.976173227967
-120,83,-210.88700522694
-115,84,-209.760413611593
43,85,-206.820459978639
-94,86,-205.521603134345
-103,87,-204.357792596721
-92,88,-203.096763796472
-101,89,-201.958305153841
-92,90,-200.745895854658
-110,91,-199.760042733611
-157,92,-199.296137707168
-114,93,-198.383481035445
-85,94,-197.186947485311
-110,95,-196.283802935428
-106,96,-195.349886648708
-104,97,-194.422053923012
-95,98,-193.413941574272
-113,99,-192.608856615617
-117,100,-192.574803280909
-58,101,-183.896279020115
-58,102,-183.087401539015
-84,103,-182.771066528597
-71,104,-182.769041828766
-340,105,-184.520977768343
-169,106,-182.769229490042
-184,107,-179.600720064277
-124,108,-177.161832950485
-135,109,-175.054145097444
-67,110,-172.040537320339
-61,111,-170.342133993247
-110,112,-166.790839718966
-103,113,-164.712977654626
-84,114,-162.06103212325
-191,115,-161.067360131462
-114,116,-159.580589310459
-137,117,-158.955941249003
-24,118,-156.12789318321
-145,119,-154.095144369494
-100,120,-151.593806449076
-129,121,-149.340575310192
-96,122,-147.921509961785
-115,123,-146.535044154988
-78,124,-143.864744247004
-84,125,-142.428383034101
-88,126,-140.76731276613
-114,127,-140.121501220096
-131,128,-139.718974123498
-91,129,-138.350015010511
-94,130,-137.201218941438
-111,131,-136.125796124562
-120,132,-134.808351895801
-66,133,-131.880656298057
-115,134,-130.952307884553
-128,135,-129.997772162459
-243,136,-131.369955385824
-174,137,-130.533731797491
-99,138,-128.813974538662
-36,139,-127.907635780174
-54,140,-126.799801174752
-58,141,-125.863491222716
-264,142,-125.808097971458
-94,143,-124.673985402279
-72,144,-123.590994334394
-119,145,-122.559031373444
-85,146,-121.700595814282
-69,147,-120.577538558813
-164,148,-120.831395454597
-43,149,-119.767201823293
-38,150,-117.186680733202
-69,151,-114.364201664209
-36,152,-112.381085315821
-28,153,-111.584696014074
-76,154,-111.280827759889
-57,155,-110.550033830886
-70,156,-108.588790805142
-90,157,-107.394263624606
-78,158,-106.583270422407
-58,159,-104.056111787887
-106,160,-103.356104521993
-112,161,-102.922574449625
-110,162,-102.983201447642
-104,163,-103.433903397221
-176,164,-103.85862224099
-60,165,-102.882459486633
-94,166,-101.88132772852
-108,167,-102.506448335193
-103,168,-102.839491329241
-88,169,-102.45601847028
-142,170,-102.767562386989
-79,171,-102.3800940389
-107,172,-103.154271911738
-123,173,-103.79237722001
-54,174,-103.548946297454
-62,175,-102.528588884352
-39,176,-102.303163014821
-22,177,-100.997630741766
-38,178,-100.438864571355
-14,179,-99.813328458833
-18,180,-99.237555381247
-28,181,-97.7215857597479
-18,182,-96.8344555056942
-108,183,-96.7108706890749
-114,184,-96.6990001662879
-13,185,-97.25994659338
-2,186,-96.3455375674858
-124,187,-96.5546965637462
-15,188,-95.7881450660579
-43,189,-95.2125792107019
-120,190,-95.4928118169965
-270,191,-97.093140237671
-257,192,-98.1017124772271
-61,193,-97.5760412462063
-252,194,-99.2525286251327
-26,195,-98.4095720946108
-38,196,-97.7359218522615
33,197,-96.3635831893902
-26,198,-95.6798190614995
-109,199,-95.6396759739926
216,200,-92.30981544993
105,201,-90.6741133241671
-106,202,-91.1576750810537
-7,203,-90.3879117256994
-24,204,-89.9139624060935
-2,205,-86.5331032095875
-77,206,-85.6113823588634
-61,207,-84.3831550085961
-22,208,-83.3583713142387
-65,209,-82.6581215317055
-44,210,-82.434140926545
-115,211,-82.9745093018972
-11,212,-81.981686117055
60,213,-80.3521082199461
-13,214,-79.6383936204974
11,215,-77.6156480270625
93,216,-75.5465606970608
86,217,-73.3198469265111
10,218,-72.9786189421117
-35,219,-71.8793161112074
-114,220,-72.0204316752145
94,221,-69.7880923586087
-70,222,-69.5288360131417
160,223,-66.7871926975679
48,224,-65.5206804935089
181,225,-62.869305355508
57,226,-61.4149848222093
135,227,-58.9293717650885
-31,228,-57.9202520965443
-2,229,-57.0288286433062
-102,230,-57.1085037889573
-70,231,-56.689550309356
236,232,-53.1262028896875
152,233,-50.944432427899
204,234,-47.7570587010914
115,235,-45.3343828864208
83,236,-42.0764733603714
242,237,-37.9083428779227
108,238,-35.8441175812213
122,239,-34.2638904367788
71,240,-33.0186850646428
-109,241,-33.5241390702227
115,242,-29.7300445989777
130,243,-27.4931933548759
33,244,-26.442029695669
1,245,-25.2388603187074
-154,246,-25.9210726909252
170,247,-23.5278061247819
99,248,-20.8947391487225
208,249,-18.3785491246945
259,250,-15.4122966876598
245,251,-12.265359469024
223,252,-9.68342306220109
183,253,-7.57516219820203
